TITLE,URL,Channel,TOTAL_VIEWS,UPLOADED_TIME,DESCRIPTION
"ANIMAL (OFFICIAL TRAILER): Ranbir Kapoor | Rashmika M, Anil K, Bobby D | Sandeep Vanga | Bhushan K",https://www.youtube.com/watch?v=8FkLRUJj-o0,T-Series,90M views,12 days ago,"THE ANIMAL, YOU HAVE NEVER SEEN BEFORE! PRESENTING THE OFFICIAL TRAILER OF THE FILM ANIMAL. STARRING RANBIR KAPOOR, RASHMIKA MANDANNA, ANIL KAPOOR, BOBBY DEOL, TRIPTI DIMRI & SHAKTI KAPOOR...."
The Boys ‚Äì Season 4 Official Teaser Trailer | Prime Video,https://www.youtube.com/watch?v=F9U-yoJbgWs,Prime Video,8.9M views,3 days ago,"The world is on the brink. Victoria Neuman is closer than ever to the Oval Office and under the muscly thumb of Homelander, who is consolidating his power. Butcher, with only months to live,..."
Godzilla x Kong : The New Empire | Official Trailer,https://www.youtube.com/watch?v=lV1OOlGwExM,Warner Bros. Pictures,12M views,2 days ago,Witness the rise of a new empire. #GodzillaXKong - Only in theaters 2024 The epic battle continues! Legendary Pictures‚Äô cinematic Monsterverse follows up the explosive showdown of ‚ÄúGodzilla...
Salaar Hindi Trailer | Prabhas | Prashanth Neel | Prithviraj|Shruthi|Hombale Films| Vijay Kiragandur,https://www.youtube.com/watch?v=HihakYi5M2I,Hombale Films,64M views,4 days ago,"Please‚Ä¶I‚Ä¶Kindly‚Ä¶Request!üî• Presenting the Trailer of #SalaarCeaseFire From the Makers of ""KGF: Chapter 1 & 2,"" & the visionary director Prashanth Neel, comes a film that will push..."
Lady Ballers | Official Trailer,https://www.youtube.com/watch?v=Py2MzGtmaJ0,DailyWire+,14M views,8 days ago,"In a world where women‚Äôs sports is being trans-formed, The Daily Wire calls foul with the most triggering comedy of the year. A once-great coach is on a hilarious journey back to victory..."
Inside Out 2 | Teaser Trailer,https://www.youtube.com/watch?v=VWavstJydZU,Pixar,16M views,3 weeks ago,üößThings are getting messyüöß Disney and Pixar's #InsideOut2 is coming to theaters June 2024 with brand new emotions! The little voices inside Riley‚Äôs head know her inside and out‚Äîbut...
Avatar: The Last Airbender | Official Teaser | Netflix,https://www.youtube.com/watch?v=waJKJW_XU90,Netflix,17M views,3 weeks ago,"Always remember who you are‚Ä¶ The four nations of the world once lived in harmony, with the Avatar, master of all four elements, keeping peace between them. But everything changed when the..."
Halo The Series | Season 2 First Look Trailer | Paramount+,https://www.youtube.com/watch?v=pfiTJ2JNDco,Paramount Plus,4M views,3 days ago,"They will be remembered. #HaloTheSeries returns Feb. 8, exclusively on Paramount+. Master Chief John-117 leads his team of elite Spartans against the alien threat known as the Covenant...."
MADAME WEB ‚Äì¬†Official Trailer (HD),https://www.youtube.com/watch?v=s_76M4c4LTo,Sony Pictures Entertainment,19M views,2 weeks ago,Her web connects them all. üï∏ #MadameWeb is coming soon exclusively to movie theaters. Visit our site: https://www.madameweb.movie/ Follow Us on Social: https://www.facebook.com/madameweb...
ted | Official Trailer | Peacock Original,https://www.youtube.com/watch?v=aq2Vt7OvQG0,Peacock,1.8M views,6 days ago,"ted is streaming January 11th on Peacock: https://pck.tv/3u5fOJt Synopsis: In this comedic prequel event series to the Ted films, it's 1993, and Ted the bear‚Äôs (Seth MacFarlane) moment..."
GODZILLA MINUS ONE Final Trailer,https://www.youtube.com/watch?v=OPIKfDGmNaM,GODZILLA OFFICIAL by TOHO,1M views,4 days ago,‚ÄúGodzilla Minus One Is One Of 2023‚Äôs Greatest Films‚Äù - Forbes. NOW PLAYING in theatres nationwide! Written and Directed by Takashi Yamazaki. Tickets are now on sale: https://ow.ly/EybW50Q3MG...
Mean Girls | Official Trailer (2024 Movie),https://www.youtube.com/watch?v=fFtdbEgnUOk,Paramount Pictures,6.9M views,3 weeks ago,"Get in loser, we‚Äôre going to the movies. üíñ Watch the new trailer for #MeanGirls ‚Äì only in theatres January 12. #OnWednesdaysWeWearPink From the comedic mind of Tina Fey comes a new..."
"DUNE: PART TWO ‚Äì Final Trailer (2024) Timoth√©e Chalamet, Zendaya | Warner Bros. (HD)",https://www.youtube.com/watch?v=GMF7wbhBJKY,Screen Culture,829K views,5 days ago,"#DunePartTwo #WarnerBros #StreamOnMax Take a look at 'Final Trailer' concept for 'DUNE: PART TWO' produced by Warner Brothers Pictures, Legendary Pictures & Villeneuve Films (More info about..."
Godzilla X Kong: The New Empire TRAILER BREAKDOWN (IN DEPTH),https://www.youtube.com/watch?v=byowYIEQ5XU,DangerVille,520K views,1 day ago,"The GODZILLA X KONG: THE NEW EMPIRE trailer has FINALLY dropped, and it looks INSANE! But there was so much detail jam packed into the 2 minute trailer, so lets breakdown what you might have..."
House Of The Dragon Season 2 Trailer 2024 Breakdown and Game Of Thrones Easter Eggs,https://www.youtube.com/watch?v=eYGp4Bf9v08,Emergency Awesome,409K views,3 days ago,"House Of The Dragon Season 2 Trailer 2024. House Of The Dragon Season 2 Episode 1 Blood and Cheese, Rhaenyra, Aegon II, Aemond Vhagar, Dragon Battles, Winterfell House Stark, Cregan Stark Game..."
Percy Jackson and The Olympians | Official Trailer | Disney+,https://www.youtube.com/watch?v=uHb7au6Gmls,Disney Plus,7M views,2 weeks ago,"Percy Jackson & The Olympians tells the fantastical story of a 12-year-old modern demigod, Percy Jackson, who‚Äôs just coming to terms with his newfound supernatural powers when the sky god..."
NEW MOVIE TRAILERS 2023 & 2024 (Action) | 4K ULTRA HD,https://www.youtube.com/watch?v=ng8AhU-durs,TrailerSpot,7.1M views,3 weeks ago,New Movie Trailers 2023 & 2024 00:00 Damsel 01:54 Argylle 04:31 Ghostbusters Frozen Empire 06:30 The Beekeeper 09:12 Kingdom of the Planet of the Apes 10:51 The Family Plan 13:09 Kraven...
THE BOYS SEASON 4 TRAILER BREAKDOWN! Easter Eggs You Missed!,https://www.youtube.com/watch?v=rifLeFCI6Rc,New Rockstars,293K views,2 days ago,"The Boys Season 4 Trailer Reaction and Breakdown by New Rockstars‚Äô Erik Voss! Click here to download Top Troops, get 100 gems, and a Size L King Chest! https://toptroops.onelink.me/JHnC/newrockst..."
Kingdom of the Planet of the Apes | Teaser Trailer,https://www.youtube.com/watch?v=NQ_HvTBaFoo,20th Century Studios,6.9M views,1 month ago,"Director Wes Ball breathes new life into the global, epic franchise set several generations in the future following Caesar‚Äôs reign, in which apes are the dominant species living harmoniously..."
Dunki Drop 1 | Shah Rukh Khan | Rajkumar Hirani | Taapsee | Vicky | Boman | 21st Dec 2023,https://www.youtube.com/watch?v=LOzucm1jbzs,Red Chillies Entertainment,51M views,1 month ago,"Get ready to embark on this emotional rollercoaster of the most amazing journey ever taken, as we present to you the Dunki Drop 1. Starring Shah Rukh Khan, Taapsee Pannu, Boman Irani and Vicky..."
The Boys ‚Äì Season 4 Teaser Trailer | Prime Video,https://www.youtube.com/watch?v=uY02hnpn9WE,Amazon Prime Video UK & IE,253K views,3 days ago,Let's light this candle. Season 4 comin' to your tubes 2024.
Godzilla x Kong TRAILER Footage IN-DEPTH ANALYSIS,https://www.youtube.com/watch?v=g9yPN69bTU8,Goji Center,453K views,21 hours ago,Godzilla x Kong takes us on an epic adventure through the hollow earth featuring Kong and Godzilla facing a colossal threat that will jeopardize the well-being of planet earth and themselves....
GHOSTBUSTERS: FROZEN EMPIRE - Official Teaser Trailer (HD),https://www.youtube.com/watch?v=wFNK_KEmcWs,Ghostbusters,20M views,3 weeks ago,"It'll send a chill down your spine. Watch the teaser trailer for #Ghostbusters: Frozen Empire, coming soon exclusively to movie theaters. Watch Ghostbusters now: https://www.sonypictures.com/movie..."
Grand Theft Auto VI Trailer 1 Reaction/Review,https://www.youtube.com/watch?v=w-EdPf8p7Xg,RT TV,316K views,21 hours ago,Grand Theft Auto VI Trailer 1 Reaction/Review Follow RT TV: Instagram: https://www.instagram.com/rttvreacts Follow Robcityrt: Instagram: https://www.instagram.com/robcityrt/...
MOONED | Short Film | Official Trailer,https://www.youtube.com/watch?v=tznGzMuc1uE,Illumination,2M views,2 weeks ago,"Oops...kinda forgot he was up there :) Vector is back in MOONED, an all-new short film playing before Migration. See it only in theaters this Christmas. -- Follow Migration on social! https://www..."
BEST UPCOMING MOVIES 2023 & 2024 (New Trailers),https://www.youtube.com/watch?v=SnKxCky1CQ4,FilmSpot Trailer,727K views,4 days ago,Top Upcoming Movies 2023 & 2024 (New Trailers) Films Included : 00:00 Best Upcoming Movies 2023 & 2024 (New Trailers) 00:06 Furiosa 02:30 Night Swim 05:02 Ghostbusters Frozen Empire 08:01...
Sam‡§¨‡§π‡§æ‡§¶‡•Å‡§∞ - Official Trailer | Vicky Kaushal | Meghna Gulzar | Ronnie S | In Cinemas 01.12.2023,https://www.youtube.com/watch?v=6xJptj7AVSA,RSVP Movies,41M views,4 weeks ago,"To the Indian army, to the nation and its people, we present to you a glimpse into the life of India's Greatest Soldier, Sam Manekshaw. #SamBahadur Trailer Out Now! #Sam‡§¨‡§π‡§æ‡§¶‡•Å‡§∞..."
"GODZILLA X KONG Trailer Breakdown | Easter Eggs, Plot Details, Reaction & Things You Missed",https://www.youtube.com/watch?v=WTfL4lr5sIg,Heavy Spoilers,230K views,2 days ago,"GODZILLA X KONG Trailer Breakdown | Easter Eggs, Plot Details, Reaction & Things You Missed. We explain the GXK The New Empire Trailer and point out the hidden details, easter eggs, new villain..."
Thankamani | Teaser | Dileep | Ratheesh Reghunandan | Super Good Films | Saina Music | Iffaar Media,https://www.youtube.com/watch?v=rHVVV_lLHtE,Saina Movies,1M views,4 days ago,Thankamani is an upcoming Indian Malayalam-language crime thriller film written and directed by Ratheesh Reghunandan and Produced by R B Choudhry under the banner of Super good films in association...
THE FAMILY PLAN Trailer (2023) Mark Wahlberg,https://www.youtube.com/watch?v=BXL-WQnjCCA,ONE Media,2.8M views,4 weeks ago,"THE FAMILY PLAN Trailer (2023) Mark Wahlberg, Michelle Monaghan ¬© 2023 - Apple TV+"
